{
    "module_positions": {
        "IQ": {
            "x": -6.295178571428572,
            "y": 0.732857142857144,
            "width": 3.4,
            "height": 5.4
        },
        "EQ": {
            "x": 0.09160714285714433,
            "y": 6.081428571428571,
            "width": 3.4,
            "height": 5.4
        },
        "RB": {
            "x": -0.2239285714285728,
            "y": 0.3664285714285702,
            "width": 3.4,
            "height": 5.4
        }
    },
    "fifo_positions": {
        "IQ": {
            "TL": [
                [
                    -7.66375,
                    -1.335571428571429,
                    0.17,
                    0.17
                ],
                [
                    -7.66375,
                    -1.1455714285714291,
                    0.17,
                    0.17
                ],
                [
                    -7.66375,
                    -0.9555714285714292,
                    0.17,
                    0.17
                ],
                [
                    -7.66375,
                    -0.765571428571429,
                    0.17,
                    0.17
                ]
            ],
            "TR": [
                [
                    -7.22392857142857,
                    -1.3559285714285718,
                    0.17,
                    0.17
                ],
                [
                    -7.22392857142857,
                    -1.1659285714285719,
                    0.17,
                    0.17
                ],
                [
                    -7.22392857142857,
                    -0.9759285714285719,
                    0.17,
                    0.17
                ],
                [
                    -7.22392857142857,
                    -0.7859285714285718,
                    0.17,
                    0.17
                ]
            ],
            "TU": [
                [
                    -5.671250000000001,
                    -0.2646428571428573,
                    0.17,
                    0.17
                ],
                [
                    -5.48125,
                    -0.2646428571428573,
                    0.17,
                    0.17
                ],
                [
                    -5.291250000000001,
                    -0.2646428571428573,
                    0.17,
                    0.17
                ],
                [
                    -5.10125,
                    -0.2646428571428573,
                    0.17,
                    0.17
                ]
            ],
            "TD": [
                [
                    -5.701785714285715,
                    0.14553571428571543,
                    0.17,
                    0.17
                ],
                [
                    -5.511785714285715,
                    0.14553571428571543,
                    0.17,
                    0.17
                ],
                [
                    -5.321785714285715,
                    0.14553571428571543,
                    0.17,
                    0.17
                ],
                [
                    -5.131785714285715,
                    0.14553571428571543,
                    0.17,
                    0.17
                ]
            ],
            "CH0": [
                [
                    -7.714642857142857,
                    2.712714285714285,
                    0.17,
                    0.17
                ],
                [
                    -7.714642857142857,
                    2.5227142857142857,
                    0.17,
                    0.17
                ],
                [
                    -7.714642857142857,
                    2.3327142857142853,
                    0.17,
                    0.17
                ],
                [
                    -7.714642857142857,
                    2.1427142857142853,
                    0.17,
                    0.17
                ]
            ],
            "CH1": [
                [
                    -7.324821428571429,
                    2.7025357142857134,
                    0.17,
                    0.17
                ],
                [
                    -7.324821428571429,
                    2.512535714285714,
                    0.17,
                    0.17
                ],
                [
                    -7.324821428571429,
                    2.3225357142857135,
                    0.17,
                    0.17
                ],
                [
                    -7.324821428571429,
                    2.1325357142857135,
                    0.17,
                    0.17
                ]
            ]
        },
        "EQ": {
            "TU": [
                [
                    0.6035714285714282,
                    5.765892857142857,
                    0.17,
                    0.17
                ],
                [
                    0.7935714285714282,
                    5.765892857142857,
                    0.17,
                    0.17
                ],
                [
                    0.9835714285714282,
                    5.765892857142857,
                    0.17,
                    0.17
                ],
                [
                    1.1735714285714283,
                    5.765892857142857,
                    0.17,
                    0.17
                ]
            ],
            "TD": [
                [
                    0.6341071428571436,
                    6.206607142857143,
                    0.17,
                    0.17
                ],
                [
                    0.8241071428571436,
                    6.206607142857143,
                    0.17,
                    0.17
                ],
                [
                    1.0141071428571435,
                    6.206607142857143,
                    0.17,
                    0.17
                ],
                [
                    1.2041071428571437,
                    6.206607142857143,
                    0.17,
                    0.17
                ]
            ],
            "CH0": [
                [
                    -0.9083928571428568,
                    7.674499999999997,
                    0.17,
                    0.17
                ],
                [
                    -0.9083928571428568,
                    7.484499999999997,
                    0.17,
                    0.17
                ],
                [
                    -0.9083928571428568,
                    7.2944999999999975,
                    0.17,
                    0.17
                ],
                [
                    -0.9083928571428568,
                    7.104499999999997,
                    0.17,
                    0.17
                ]
            ],
            "CH1": [
                [
                    -1.2473214285714276,
                    7.705035714285713,
                    0.17,
                    0.17
                ],
                [
                    -1.2473214285714276,
                    7.5150357142857125,
                    0.17,
                    0.17
                ],
                [
                    -1.2473214285714276,
                    7.325035714285713,
                    0.17,
                    0.17
                ],
                [
                    -1.2473214285714276,
                    7.135035714285713,
                    0.17,
                    0.17
                ]
            ]
        },